Protein_ID,experiment,Localizations,Signals,Membrane types,Cytoplasm,Nucleus,Extracellular,Cell membrane,Mitochondrion,Plastid,Endoplasmic reticulum,Lysosome/Vacuole,Golgi apparatus,Peroxisome,Peripheral,Transmembrane,Lipid anchor,Soluble
design_1,original features,Cytoplasm|Nucleus,Nuclear localization signal,Soluble,0.5139999985694885,0.603600025177002,0.2448000013828277,0.123999997973442,0.2617000043392181,0.0027000000700354,0.060199998319149,0.0252000000327825,0.0114000001922249,0.0046000001020729,0.1526000052690506,0.4523999989032745,0.0935000032186508,0.7085999846458435
design_2,original features,Nucleus,Nuclear localization signal,Soluble,0.3630000054836273,0.97079998254776,0.0877000018954277,0.0115999998524785,0.1697999984025955,0.0143999997526407,0.0535999983549118,0.0333999991416931,0.0294000003486871,0.1216000020503997,0.0212999992072582,0.0430999994277954,0.0934000015258789,0.949899971485138
design_3,original features,Nucleus,Nuclear localization signal,Soluble,0.3251999914646148,0.83160001039505,0.3964000046253204,0.1315000057220459,0.2723999917507171,0.0148000000044703,0.17739999294281,0.0450000017881393,0.0658999979496002,0.0252000000327825,0.1384000033140182,0.0696000009775161,0.1299999952316284,0.8424000144004822
design_4,original features,Cytoplasm|Nucleus,Nuclear localization signal,Soluble,0.6251000165939331,0.8026000261306763,0.2360000014305114,0.0261000003665685,0.096900001168251,0.0245999991893768,0.0573000013828277,0.006800000090152,0.0324999988079071,0.0930999964475631,0.0509999990463256,0.0518999993801116,0.1225999966263771,0.9110000133514404
design_5,original features,Cytoplasm|Nucleus,Nuclear localization signal,Soluble,0.5936999917030334,0.7886999845504761,0.3170999884605407,0.0305000003427267,0.259799987077713,0.0798999965190887,0.1536000072956085,0.0342000015079975,0.1374000012874603,0.2813999950885772,0.1138999983668327,0.0456999987363815,0.1143999993801117,0.8906999826431274
design_6,original features,Cytoplasm|Nucleus,Nuclear localization signal,Soluble,0.515500009059906,0.8966000080108643,0.5170999765396118,0.0763999968767166,0.2072000056505203,0.0533000007271766,0.0555999986827373,0.0162000004202127,0.0559000000357627,0.2718999981880188,0.1262000054121017,0.0392000004649162,0.1096000000834465,0.9075000286102296
design_7,original features,Nucleus,Nuclear localization signal,Soluble,0.4129000008106231,0.8835999965667725,0.0825000032782554,0.0179999992251396,0.1932999938726425,0.0324000008404254,0.0778999999165535,0.0153999999165534,0.0333000011742115,0.0059000002220273,0.032999999821186,0.0604999996721744,0.0917999967932701,0.917900025844574
design_8,original features,Nucleus,Nuclear localization signal,Soluble,0.4296999871730804,0.8867999911308289,0.0868000015616417,0.0149999996647238,0.240799993276596,0.0366000011563301,0.1118000000715255,0.0383000001311302,0.0715999975800514,0.0467000007629394,0.0588999986648559,0.0397999994456768,0.0573000013828277,0.9176999926567078
design_9,original features,Cytoplasm|Nucleus,Nuclear localization signal,Soluble,0.4939999878406524,0.7886999845504761,0.1424999982118606,0.0417999997735023,0.1913000047206878,0.0078999996185302,0.2750000059604645,0.0494000017642974,0.0522999987006187,0.0227000005543231,0.0754999965429306,0.0520000010728836,0.0732999965548515,0.8849999904632568
design_10,original features,Nucleus,Nuclear localization signal,Soluble,0.4706000089645386,0.8152999877929688,0.2996000051498413,0.0386999994516372,0.2363000065088272,0.0785999968647956,0.2205999940633773,0.0540000014007091,0.0807000026106834,0.0181000009179115,0.0995000004768371,0.0308999996632337,0.1694999933242797,0.9120000004768372
design_11,original features,Nucleus,Nuclear localization signal,Soluble,0.4577000141143799,0.8819000124931335,0.1112999990582466,0.0238000005483627,0.0599000006914138,0.0110999997705221,0.2624000012874603,0.0190999992191791,0.0553000010550022,0.0493000000715255,0.0496999993920326,0.0421000011265277,0.0441999994218349,0.9269999861717224
design_12,original features,Cytoplasm|Nucleus,Nuclear localization signal,Soluble,0.5027999877929688,0.8647000193595886,0.2348999977111816,0.0188999995589256,0.1079000011086463,0.0060999998822808,0.1027999967336654,0.0377000011503696,0.0784000009298324,0.0160000007599592,0.0740000009536743,0.0220999997109174,0.0873000025749206,0.9398999810218812
design_13,original features,Cytoplasm|Nucleus,Nuclear localization signal,Soluble,0.6445000171661377,0.765999972820282,0.2813000082969665,0.0472000017762184,0.165800005197525,0.0166999995708465,0.18019999563694,0.0511000007390975,0.1587000042200088,0.1206000000238418,0.1841000020503997,0.0412999987602233,0.1009000018239021,0.8654000163078308
design_14,original features,Nucleus,Nuclear localization signal,Soluble,0.2971999943256378,0.9713000059127808,0.1014999970793724,0.0178999993950128,0.1209999993443489,0.0185000002384185,0.1712999939918518,0.0205000005662441,0.0219000000506639,0.018300000578165,0.0504000000655651,0.0307000000029802,0.0763999968767166,0.9348999857902528
design_15,original features,Cytoplasm|Nucleus,Nuclear localization signal,Soluble,0.5619999766349792,0.9117000102996826,0.0842999964952468,0.0171000007539987,0.0944000035524368,0.0027000000700354,0.1554999947547912,0.0138999996706843,0.0505999997258186,0.0553999990224838,0.0403999984264373,0.0403000004589557,0.0564999990165233,0.9343000054359436
design_16,original features,Nucleus,Nuclear localization signal,Soluble,0.3741999864578247,0.8809000253677368,0.4034000039100647,0.0586999990046024,0.183799996972084,0.0154999997466802,0.1598999947309494,0.0289999991655349,0.0678000003099441,0.0217000003904104,0.1001999974250793,0.050000000745058,0.1215000003576278,0.8980000019073486
design_17,original features,Cytoplasm|Nucleus,Nuclear localization signal,Soluble,0.4950999915599823,0.9024999737739564,0.134100005030632,0.0223999992012977,0.0869999974966049,0.015599999576807,0.2515999972820282,0.0328000001609325,0.0844999998807907,0.0303000006824731,0.060199998319149,0.0300999991595745,0.0526000000536441,0.9380999803543092
design_18,original features,Cytoplasm|Nucleus,Nuclear localization signal,Soluble,0.4853000044822693,0.930999994277954,0.4253999888896942,0.0427000001072883,0.0870999991893768,0.0961000025272369,0.0283000003546476,0.0044999998062849,0.0085000004619359,0.031599998474121,0.0263999998569488,0.0860000029206276,0.1553000062704086,0.9004999995231628
design_19,original features,Cytoplasm|Nucleus,Nuclear localization signal,Soluble,0.6938999891281128,0.5546000003814697,0.4171000123023987,0.1462000012397766,0.2425999939441681,0.0122999995946884,0.1088000014424324,0.0399999991059303,0.1097000017762184,0.0379000008106231,0.176499992609024,0.0734999999403953,0.1869000047445297,0.8288999795913696
design_20,original features,Nucleus|Extracellular,Nuclear localization signal,Soluble,0.2827000021934509,0.7520999908447266,0.7139000296592712,0.1284999996423721,0.5393000245094299,0.0234999991953372,0.0896999984979629,0.0690999999642372,0.1339000016450882,0.0763000026345253,0.0822999998927116,0.0575000010430812,0.0769999995827674,0.8687000274658203
design_21,original features,Nucleus,Nuclear localization signal,Soluble,0.4041999876499176,0.909500002861023,0.1879000067710876,0.0372000001370906,0.0995000004768371,0.0092000002041459,0.1802999973297119,0.0388999991118907,0.0397999994456768,0.0066999997943639,0.046799998730421,0.0299999993294477,0.0423000007867813,0.9343000054359436
design_22,original features,Cytoplasm|Nucleus,Nuclear localization signal,Soluble,0.5268999934196472,0.7671999931335449,0.3082999885082245,0.0612000003457069,0.252700001001358,0.0172000005841255,0.0961000025272369,0.0344999991357326,0.0891000032424926,0.0816999971866607,0.1488000005483627,0.0395999997854232,0.1096000000834465,0.8873999714851379
design_23,original features,Nucleus,Nuclear localization signal,Soluble,0.4384999871253967,0.8708999752998352,0.0744000002741813,0.0267999991774559,0.1328999996185302,0.0302000008523464,0.2082999944686889,0.0245999991893768,0.0759000033140182,0.0579000003635883,0.0672999992966651,0.0560000017285347,0.0538000017404556,0.9100000262260436
design_24,original features,Cytoplasm|Nucleus,Nuclear localization signal,Soluble,0.5234000086784363,0.8521999716758728,0.1335999965667724,0.0405000001192092,0.0666999965906143,0.0120999999344348,0.1103999987244606,0.0240000002086162,0.0416000001132488,0.0185000002384185,0.0496999993920326,0.0318999998271465,0.0452999994158744,0.9477999806404114
design_25,original features,Nucleus,Nuclear localization signal,Soluble,0.4514999985694885,0.8992999792098999,0.0256999991834163,0.0203000009059906,0.121299996972084,0.0092000002041459,0.1445000022649765,0.0335999988019466,0.0232999995350837,0.0200999993830919,0.0593999996781349,0.0324999988079071,0.0562000013887882,0.9351999759674072
design_26,original features,Cytoplasm|Nucleus,Nuclear localization signal,Soluble,0.571399986743927,0.8044000267982483,0.179199993610382,0.0443999990820884,0.1509999930858612,0.0055999998003244,0.0854000002145767,0.031700000166893,0.0359000004827976,0.0586000010371208,0.0851000025868415,0.0337999984622001,0.0715999975800514,0.921500027179718
design_27,original features,Nucleus|Extracellular,Nuclear localization signal,Soluble,0.4047999978065491,0.6773999929428101,0.7771000266075134,0.0511999987065792,0.1234999969601631,0.0318000018596649,0.210099995136261,0.0252999998629093,0.0715000033378601,0.1108999997377395,0.1030000001192092,0.0364999994635582,0.1154000014066696,0.916100025177002
design_28,original features,Cytoplasm|Nucleus,Nuclear localization signal,Soluble,0.5023999810218811,0.8065999746322632,0.2626999914646148,0.032600000500679,0.439300000667572,0.0551000013947486,0.2653000056743622,0.0305000003427267,0.0881000012159347,0.0432999990880489,0.0891999974846839,0.0295000001788139,0.0810000002384185,0.926800012588501
design_29,original features,Nucleus,Nuclear localization signal,Soluble,0.4566999971866607,0.9236000180244446,0.1181000024080276,0.0172000005841255,0.1067000031471252,0.0189999993890523,0.119499996304512,0.0140000004321336,0.0430999994277954,0.0190999992191791,0.0430999994277954,0.0384000018239021,0.0720999985933303,0.939300000667572
design_30,original features,Cytoplasm|Nucleus,Nuclear localization signal,Soluble,0.4916999936103821,0.6722999811172485,0.5309000015258789,0.0575000010430812,0.1606999933719635,0.1207000017166137,0.1669999957084655,0.0579999983310699,0.1733999997377395,0.0705000013113021,0.1342000067234039,0.0277999993413686,0.2152999937534332,0.8881999850273132
design_31,original features,Nucleus,Nuclear localization signal,Soluble,0.4133999943733215,0.7886999845504761,0.2732999920845032,0.0615000016987323,0.2973999977111816,0.0015999999595806,0.1622000038623809,0.0653000026941299,0.0511999987065792,0.0093000000342726,0.1999000012874603,0.0260000005364418,0.0762000009417533,0.8571000099182129
design_32,original features,Cytoplasm|Nucleus,Nuclear localization signal,Soluble,0.5041999816894531,0.6068000197410583,0.3619000017642975,0.1508000046014785,0.4018999934196472,0.0483000017702579,0.430400013923645,0.0518999993801116,0.1150000020861625,0.0386000014841556,0.2122000008821487,0.069300003349781,0.1190000027418136,0.8133999705314636
design_33,original features,Nucleus,Nuclear localization signal,Soluble,0.4722999930381775,0.9009000062942504,0.1488000005483627,0.0193000007420778,0.1525000035762787,0.0065999999642372,0.2456000000238418,0.0275999996811151,0.0489000007510185,0.0137999998405575,0.0397999994456768,0.0619000010192394,0.0535000003874301,0.920199990272522
design_34,original features,Cytoplasm|Nucleus,Nuclear localization signal,Soluble,0.5425999760627747,0.838699996471405,0.2025000005960464,0.031700000166893,0.1638000011444091,0.0187999997287988,0.1299999952316284,0.0305000003427267,0.0706000030040741,0.0342000015079975,0.0377000011503696,0.0529999993741512,0.0502999983727932,0.932200014591217
design_35,original features,Nucleus,Nuclear localization signal,Soluble,0.4580000042915344,0.8549000024795532,0.1058999970555305,0.0286999996751546,0.1186999976634979,0.0286999996751546,0.1639000028371811,0.0265999995172023,0.0703999996185302,0.0979999974370002,0.1111000031232833,0.0248000007122755,0.0617000013589859,0.929099977016449
design_36,original features,Cytoplasm|Nucleus,,Soluble,0.54830002784729,0.7544000148773193,0.2937999963760376,0.0582999996840953,0.1879999935626983,0.0357000008225441,0.2818999886512756,0.0272000003606081,0.0826999992132186,0.1953999996185302,0.1198000013828277,0.0388999991118907,0.0834000036120414,0.9162999987602234
design_37,original features,Cytoplasm|Nucleus,Nuclear localization signal,Soluble,0.5404000282287598,0.8478999733924866,0.1907999962568283,0.0469000004231929,0.1203000023961067,0.0485000014305114,0.1160999983549118,0.0285000000149011,0.0584000013768672,0.0245999991893768,0.0478999987244606,0.0509999990463256,0.0553000010550022,0.9226999878883362
design_38,original features,Nucleus,Nuclear localization signal,Soluble,0.3885999917984009,0.9359999895095824,0.1708000004291534,0.0516000017523765,0.2066999971866607,0.0586000010371208,0.158500000834465,0.0348999984562397,0.0824000015854835,0.0542000010609626,0.0568000003695488,0.0540000014007091,0.0432000011205673,0.9178000092506408
design_39,original features,Nucleus,Nuclear localization signal,Soluble,0.3318000137805938,0.9409000277519226,0.2143999934196472,0.0355000011622905,0.0835999995470047,0.0157999992370605,0.0601000003516674,0.0370999984443187,0.0271000005304813,0.0225000008940696,0.045899998396635,0.031599998474121,0.050000000745058,0.9478999972343444
design_40,original features,Cytoplasm|Nucleus,Nuclear localization signal,Soluble,0.5900999903678894,0.6791999936103821,0.294400006532669,0.0318999998271465,0.1868000030517578,0.0077999997884035,0.1066000014543533,0.0152000002562999,0.0653999969363212,0.0850000008940696,0.0901999995112419,0.0230999998748302,0.1120999976992607,0.9363999962806702
design_41,original features,Cytoplasm|Nucleus,Nuclear localization signal,Soluble,0.7006000280380249,0.6080999970436096,0.2052000015974044,0.1088000014424324,0.1528999954462051,0.0252000000327825,0.2334000021219253,0.0286999996751546,0.2415000051259994,0.0384999997913837,0.0903000012040138,0.1914000064134597,0.2168000042438507,0.7491000294685364
design_42,original features,Nucleus,Nuclear localization signal,Soluble,0.4652000069618225,0.9318000078201294,0.1363999992609024,0.033500000834465,0.0970000028610229,0.0098999999463558,0.1278000026941299,0.0242999996989965,0.0538000017404556,0.0109000001102685,0.0450000017881393,0.064699999988079,0.1353999972343444,0.9175999760627748
design_43,original features,Cytoplasm|Nucleus,Nuclear localization signal,Soluble,0.5597000122070312,0.8626999855041504,0.2912999987602234,0.0227000005543231,0.1040999963879585,0.0337999984622001,0.151199996471405,0.0131999999284744,0.0298999994993209,0.0692000016570091,0.0496999993920326,0.0199999995529651,0.0599000006914138,0.9613999724388124
design_44,original features,Cytoplasm|Nucleus,Nuclear localization signal,Soluble,0.5575000047683716,0.8122000098228455,0.2861000001430511,0.0608000010251998,0.2511000037193298,0.0103000001981854,0.1265999972820282,0.031599998474121,0.0692000016570091,0.0553000010550022,0.0654999986290931,0.0760999992489814,0.0794999971985817,0.9133999943733216
design_45,original features,Nucleus,Nuclear localization signal,Soluble,0.4650999903678894,0.8026999831199646,0.2311999946832656,0.0460000000894069,0.1425999999046325,0.0103000001981854,0.2639999985694885,0.0527999997138977,0.1414999961853027,0.0237000007182359,0.0621999986469745,0.0480999983847141,0.1459999978542328,0.9215999841690063
design_46,original features,Cytoplasm|Nucleus,Nuclear localization signal,Soluble,0.5806999802589417,0.8406999707221985,0.2091999948024749,0.0167999994009733,0.2148000001907348,0.0203000009059906,0.2175000011920929,0.0627000033855438,0.1413999944925308,0.0777999982237815,0.1357000023126602,0.0212999992072582,0.1814000010490417,0.9136000275611876
design_47,original features,Cytoplasm|Nucleus,Nuclear localization signal,Soluble,0.5796999931335449,0.8999999761581421,0.1673000007867813,0.0237000007182359,0.0879999995231628,0.0467000007629394,0.1108999997377395,0.0307999998331069,0.0445000007748603,0.031700000166893,0.048200000077486,0.0447000004351139,0.0386000014841556,0.9408000111579896
design_48,original features,Cytoplasm|Nucleus,,Soluble,0.4968000054359436,0.5127999782562256,0.2028000056743621,0.121799997985363,0.260699987411499,0.0516999997198581,0.4438999891281128,0.0907000005245208,0.1789000034332275,0.0261000003665685,0.222800001502037,0.131300002336502,0.2020999938249588,0.7520999908447266
design_49,original features,Nucleus,Nuclear localization signal,Soluble,0.4544999897480011,0.8723999857902527,0.2057999968528747,0.023199999704957,0.1150000020861625,0.0381999984383583,0.0590999983251094,0.0520999990403652,0.0364000014960765,0.0513999983668327,0.0966000035405159,0.0264999996870756,0.0678000003099441,0.911899983882904
design_50,original features,Cytoplasm|Nucleus,Nuclear localization signal,Soluble,0.5073000192642212,0.8779000043869019,0.1805000007152557,0.0230000000447034,0.1738999933004379,0.0200999993830919,0.0825000032782554,0.0221999995410442,0.0417000018060207,0.045499999076128,0.0921000018715858,0.024100000038743,0.0480999983847141,0.9435999989509584
design_51,original features,Cytoplasm|Nucleus,Nuclear localization signal,Soluble,0.5778999924659729,0.8716999888420105,0.3274999856948852,0.036200001835823,0.2117999941110611,0.0342999994754791,0.0401000007987022,0.0109999999403953,0.0342000015079975,0.0220999997109174,0.0654999986290931,0.0324999988079071,0.1124000027775764,0.9276999831199646
design_52,original features,Cytoplasm|Nucleus,Nuclear localization signal,Soluble,0.5634999871253967,0.9133999943733216,0.0914999991655349,0.0131000000983476,0.1809999942779541,0.0138999996706843,0.2300000041723251,0.0227000005543231,0.0873000025749206,0.1046999990940094,0.045499999076128,0.0335999988019466,0.0692000016570091,0.9229999780654908
design_53,original features,Cytoplasm|Nucleus,Nuclear localization signal,Soluble,0.4810999929904938,0.8801000118255615,0.1775999963283538,0.0175999999046325,0.1089000031352043,0.0027999999001622,0.1759999990463256,0.0218000002205371,0.0540000014007091,0.012699999846518,0.0491999983787536,0.0288999993354082,0.1124000027775764,0.944599986076355
design_54,original features,Nucleus,Nuclear localization signal,Soluble,0.4724000096321106,0.9172000288963318,0.2294999957084655,0.0167999994009733,0.2766000032424927,0.0412999987602233,0.2371000051498413,0.0570000000298023,0.1260000020265579,0.0168999992311,0.0844999998807907,0.025000000372529,0.0520999990403652,0.910099983215332
design_55,original features,Cytoplasm|Nucleus,Nuclear localization signal,Soluble,0.5685999989509583,0.7070000171661377,0.3440000116825104,0.0320999994874,0.2492000013589859,0.0364999994635582,0.2269999980926513,0.0281000006943941,0.0529999993741512,0.0737999975681305,0.0815000012516975,0.0241999998688697,0.0780000016093254,0.940500020980835
design_56,original features,Cytoplasm|Nucleus,Nuclear localization signal,Soluble,0.4772999882698059,0.7620000243186951,0.270000010728836,0.0546000003814697,0.1387999951839447,0.0152000002562999,0.3682000041007995,0.0403000004589557,0.0825000032782554,0.0178999993950128,0.0606000013649463,0.0531000010669231,0.0807000026106834,0.910099983215332
design_57,original features,Nucleus,Nuclear localization signal,Soluble,0.45210000872612,0.891700029373169,0.1209999993443489,0.032600000500679,0.1703999936580658,0.0275999996811151,0.1120000034570694,0.024100000038743,0.0373000018298625,0.0228000003844499,0.1231999993324279,0.0266999993473291,0.0631000027060508,0.9157000184059144
design_58,original features,Cytoplasm|Nucleus,Nuclear localization signal,Soluble,0.5906000137329102,0.6794999837875366,0.5415999889373779,0.0842999964952468,0.2469999939203262,0.0627000033855438,0.4492000043392181,0.0405000001192092,0.2883999943733215,0.1074000000953674,0.1573999971151352,0.0285999998450279,0.1559000015258789,0.8953999876976013
design_59,original features,Cytoplasm|Nucleus,Nuclear localization signal,Soluble,0.503600001335144,0.8406000137329102,0.1048000007867813,0.0436999984085559,0.1553999930620193,0.0051000001840293,0.0966999977827072,0.0388000011444091,0.0406999997794628,0.0116999996826052,0.0701000019907951,0.0266999993473291,0.1108999997377395,0.9158999919891356
design_60,original features,Nucleus,Nuclear localization signal,Soluble,0.4077999889850616,0.8342000246047974,0.1668999940156936,0.0458000004291534,0.1791000068187713,0.0844999998807907,0.155699998140335,0.0441000014543533,0.1033999994397163,0.362199991941452,0.1324000060558319,0.0450999997556209,0.0461000017821788,0.9182999730110168
design_61,original features,Cytoplasm|Nucleus,Nuclear localization signal,Soluble,0.4778000116348266,0.921999990940094,0.1115999966859817,0.015599999576807,0.1781000047922134,0.0113000003620982,0.1032999977469444,0.0480000004172325,0.0722000002861023,0.0535999983549118,0.0577000007033348,0.0262000001966953,0.0623000003397464,0.9350000023841858
design_62,original features,Cytoplasm|Nucleus,Nuclear localization signal,Soluble,0.5748000144958496,0.8217999935150146,0.2939999997615814,0.0504000000655651,0.3210000097751617,0.0082999998703598,0.3605000078678131,0.0428999997675418,0.0794999971985817,0.0115999998524785,0.0573000013828277,0.0469000004231929,0.0825999975204467,0.906000018119812
design_63,original features,Nucleus,,Soluble,0.4672000110149383,0.8227999806404114,0.1274999976158142,0.0318999998271465,0.190200001001358,0.0687000006437301,0.0962999984622001,0.0414999984204769,0.0425000004470348,0.1435000002384185,0.1027999967336654,0.0531000010669231,0.0784000009298324,0.9138000011444092
design_64,original features,Cytoplasm|Nucleus,Nuclear localization signal,Soluble,0.5232999920845032,0.829800009727478,0.1532000005245208,0.018300000578165,0.0540999993681907,0.0288999993354082,0.2714999914169311,0.0132999997586011,0.0430999994277954,0.0441000014543533,0.0606000013649463,0.0271000005304813,0.0307999998331069,0.9398999810218812
design_65,original features,Nucleus,Nuclear localization signal,Soluble,0.4607999920845032,0.9369000196456908,0.128600001335144,0.0240000002086162,0.1026000007987022,0.0207000002264976,0.099600002169609,0.0216000005602836,0.046399999409914,0.0439000017940998,0.0432000011205673,0.035300001502037,0.033900000154972,0.9491000175476074
design_66,original features,Cytoplasm|Nucleus,Nuclear localization signal,Soluble,0.5771999955177307,0.766700029373169,0.3427000045776367,0.0284000001847744,0.2804000079631805,0.0287999995052814,0.326200008392334,0.0361000001430511,0.1221000030636787,0.0335999988019466,0.0460000000894069,0.0555000007152557,0.1257999986410141,0.9027000069618224
design_67,original features,Cytoplasm|Nucleus,Nuclear localization signal,Soluble,0.5023000240325928,0.8920999765396118,0.1145000010728836,0.0395000018179416,0.1008000001311302,0.0383000001311302,0.2120999991893768,0.0392000004649162,0.0604999996721744,0.0166999995708465,0.0606999993324279,0.0333999991416931,0.0351999998092651,0.9352999925613404
design_68,original features,Nucleus,Nuclear localization signal,Soluble,0.4729999899864197,0.9162999987602234,0.1453000009059906,0.0243999995291233,0.0971999987959861,0.0052999998442828,0.1435000002384185,0.0238000005483627,0.0485000014305114,0.0109000001102685,0.0458000004291534,0.0230999998748302,0.0728000029921531,0.9514999985694884
design_69,original features,Cytoplasm|Nucleus,Nuclear localization signal,Soluble,0.4819999933242798,0.9286999702453612,0.0832000002264976,0.0216000005602836,0.0914999991655349,0.0059000002220273,0.1177000030875206,0.0355000011622905,0.0318000018596649,0.0087000001221895,0.0287999995052814,0.0599999986588954,0.0529000014066696,0.9276999831199646
design_70,original features,Cytoplasm|Nucleus,Nuclear localization signal,Soluble,0.5336999893188477,0.5475000143051147,0.3341000080108642,0.0895000025629997,0.3607999980449676,0.016499999910593,0.4830999970436096,0.0644999966025352,0.1358000040054321,0.0351000018417835,0.1254000067710876,0.0817999988794326,0.1930000036954879,0.7993999719619751
design_71,original features,Cytoplasm|Nucleus,Nuclear localization signal,Soluble,0.5591999888420105,0.8996000289916992,0.2808000147342682,0.050900001078844,0.1407999992370605,0.0121999997645616,0.1307999938726425,0.0209999997168779,0.0698999986052513,0.0571999996900558,0.0538999997079372,0.0579999983310699,0.1525000035762787,0.9077000021934508
design_72,original features,Nucleus,Nuclear localization signal,Soluble,0.4440000057220459,0.886900007724762,0.3113999962806701,0.0219000000506639,0.1900999993085861,0.0288999993354082,0.062399998307228,0.0248000007122755,0.0820000022649765,0.0322000011801719,0.0621999986469745,0.0408999994397163,0.1539999991655349,0.9083999991416932
design_73,original features,Nucleus,Nuclear localization signal,Soluble,0.436599999666214,0.8773999810218811,0.1941999942064285,0.0377999991178512,0.1397999972105026,0.0258000008761882,0.0910999998450279,0.0370000004768371,0.0476000010967254,0.0261000003665685,0.0573999993503093,0.0331999994814395,0.0795999988913536,0.9380000233650208
design_74,original features,Cytoplasm|Nucleus,Nuclear localization signal,Soluble,0.5281000137329102,0.8289999961853027,0.1615999937057495,0.0144999995827674,0.3702000081539154,0.0205000005662441,0.2786999940872192,0.031599998474121,0.1644999980926513,0.0780000016093254,0.0895000025629997,0.0285000000149011,0.1447000056505203,0.9124000072479248
design_75,original features,Nucleus,Nuclear localization signal,Soluble,0.4688000082969665,0.929099977016449,0.1450999975204467,0.0212999992072582,0.1102999970316886,0.0188999995589256,0.0976999998092651,0.0247000008821487,0.0733999982476234,0.0509999990463256,0.035300001502037,0.0573999993503093,0.0392000004649162,0.9474999904632568
design_76,original features,Nucleus,Nuclear localization signal,Soluble,0.3869000077247619,0.9283999800682068,0.1986999958753585,0.0355000011622905,0.2214999943971634,0.0351000018417835,0.0483000017702579,0.0362999998033046,0.0219999998807907,0.0524000003933906,0.0766000002622604,0.0535999983549118,0.0636999979615211,0.903599977493286
design_77,original features,Cytoplasm|Nucleus,Nuclear localization signal,Soluble,0.5038999915122986,0.6309000253677368,0.5462999939918518,0.1129999980330467,0.3048000037670135,0.0151000004261732,0.1278000026941299,0.0522999987006187,0.1586000025272369,0.0810000002384185,0.1712000072002411,0.0658999979496002,0.157600000500679,0.85589998960495
design_78,original features,Nucleus,Nuclear localization signal,Soluble,0.3808999955654144,0.7283999919891357,0.5131000280380249,0.0879999995231628,0.1143999993801117,0.0109000001102685,0.2827999889850616,0.0606999993324279,0.0724000036716461,0.048700001090765,0.0826999992132186,0.096900001168251,0.0866999998688697,0.8256000280380249
design_79,original features,Cytoplasm|Nucleus,Nuclear localization signal,Soluble,0.5091999769210815,0.7989000082015991,0.1867000013589859,0.0821999981999397,0.0810000002384185,0.0153999999165534,0.2851000130176544,0.0397999994456768,0.0772999972105026,0.0306000001728534,0.0890000015497207,0.0529999993741512,0.05180000141263,0.9046000242233276
design_80,original features,Cytoplasm|Nucleus,Nuclear localization signal,Soluble,0.5504000186920166,0.8791999816894531,0.3858000040054321,0.0427000001072883,0.1119000017642974,0.0263999998569488,0.130400002002716,0.0195000004023313,0.0447999984025955,0.1096000000834465,0.034800000488758,0.0537000000476837,0.0773999989032745,0.9330999851226808
design_81,original features,Nucleus,Nuclear localization signal,Soluble,0.4169999957084656,0.7789999842643738,0.5289999842643738,0.049100000411272,0.3470999896526336,0.047699999064207,0.0777999982237815,0.0496999993920326,0.0681999996304512,0.048599999397993,0.1396999955177307,0.045899998396635,0.2381999939680099,0.8822000026702881
design_82,original features,Nucleus,Nuclear localization signal,Soluble,0.4325999915599823,0.8672999739646912,0.157600000500679,0.0277999993413686,0.4760999977588653,0.0450999997556209,0.1261000037193298,0.0793000012636184,0.0912000015377998,0.0115000000223517,0.0758000016212463,0.0434000007808208,0.048599999397993,0.901799976825714
design_83,original features,Cytoplasm|Nucleus,Nuclear localization signal,Soluble,0.6032999753952026,0.8758000135421753,0.2680999934673309,0.0173000004142522,0.2389000058174133,0.0351999998092651,0.1597000062465667,0.0372000001370906,0.0786999985575676,0.0274999998509883,0.095499999821186,0.0284000001847744,0.1152999997138977,0.9222999811172484
design_84,original features,Nucleus,Nuclear localization signal,Soluble,0.4744000136852264,0.8131999969482422,0.2248000055551529,0.0331999994814395,0.1591999977827072,0.001300000003539,0.1024999991059303,0.0331999994814395,0.0230999998748302,0.0052000000141561,0.0331000015139579,0.0386000014841556,0.0883999988436698,0.9531000256538392
design_85,original features,Cytoplasm|Nucleus,Nuclear localization signal,Soluble,0.61080002784729,0.7803000211715698,0.3488000035285949,0.0344999991357326,0.2474000006914138,0.0122999995946884,0.166700005531311,0.0274000000208616,0.1440999954938888,0.0631000027060508,0.1124000027775764,0.0421999990940094,0.1683000028133392,0.9072999954223632
design_86,original features,Nucleus,Nuclear localization signal,Soluble,0.3310000002384186,0.9366000294685364,0.3693999946117401,0.012699999846518,0.1605000048875808,0.0307999998331069,0.1260000020265579,0.0322000011801719,0.0694999992847442,0.0976999998092651,0.0439999997615814,0.0432000011205673,0.1768999993801117,0.9352999925613404
design_87,original features,Cytoplasm|Nucleus,Nuclear localization signal,Soluble,0.5871999859809875,0.7458000183105469,0.2083999961614608,0.0573000013828277,0.2135999947786331,0.0085000004619359,0.1896000057458877,0.0381000004708766,0.0524000003933906,0.0465999990701675,0.0610000006854534,0.0753000006079673,0.1124999970197677,0.8770999908447266
design_88,original features,Cytoplasm|Nucleus,Nuclear localization signal,Soluble,0.5257999897003174,0.5716000199317932,0.555899977684021,0.0595999993383884,0.1878000050783157,0.0185000002384185,0.2504000067710876,0.0119000002741813,0.0551000013947486,0.0197000000625848,0.0961999967694282,0.0350000001490116,0.18019999563694,0.8999000191688538
design_89,original features,Cytoplasm|Nucleus,Nuclear localization signal,Soluble,0.4826000034809112,0.8475000262260437,0.2687999904155731,0.0590999983251094,0.2443999946117401,0.0070000002160668,0.1456000059843063,0.0469000004231929,0.0834000036120414,0.1121999993920326,0.0781000033020973,0.0648000016808509,0.0542000010609626,0.8999000191688538
design_90,original features,Nucleus,Nuclear localization signal,Soluble,0.435699999332428,0.8694999814033508,0.1534000039100647,0.0775000005960464,0.2487999945878982,0.0504000000655651,0.1396999955177307,0.0245999991893768,0.0786999985575676,0.2039999961853027,0.1141000017523765,0.0559000000357627,0.05180000141263,0.8644999861717224
design_91,original features,Cytoplasm|Nucleus,Nuclear localization signal,Soluble,0.5304999947547913,0.8708000183105469,0.1969999969005584,0.0658999979496002,0.096400000154972,0.0113000003620982,0.124499998986721,0.0162000004202127,0.0351999998092651,0.0518999993801116,0.0355999991297721,0.0617000013589859,0.13230000436306,0.9355999827384948
design_92,original features,Cytoplasm|Nucleus,Nuclear localization signal,Soluble,0.5733000040054321,0.8671000003814697,0.1853999942541122,0.0421000011265277,0.1115999966859817,0.0197000000625848,0.1017000004649162,0.0350000001490116,0.0905999988317489,0.050500001758337,0.0879999995231628,0.0450000017881393,0.0575999990105629,0.8960999846458435
design_93,original features,Cytoplasm|Nucleus,Nuclear localization signal,Soluble,0.534600019454956,0.8736000061035156,0.1987999975681305,0.0406999997794628,0.2825999855995178,0.0322000011801719,0.2551999986171722,0.0196000002324581,0.096000000834465,0.060199998319149,0.064300000667572,0.0410000011324882,0.1168000027537345,0.9075999855995178
design_94,original features,Cytoplasm|Nucleus,Nuclear localization signal,Soluble,0.5157999992370605,0.8682000041007996,0.1240999996662139,0.0171000007539987,0.2083999961614608,0.0195000004023313,0.1886000037193298,0.0308999996632337,0.0658999979496002,0.0546999983489513,0.0842000022530555,0.0289999991655349,0.1263000071048736,0.9046000242233276
design_95,original features,Cytoplasm|Nucleus,Nuclear localization signal,Soluble,0.4862000048160553,0.8711000084877014,0.1062999963760376,0.0262000001966953,0.1887000054121017,0.0299999993294477,0.2187000066041946,0.0653000026941299,0.1251000016927719,0.0764999985694885,0.0568000003695488,0.0417999997735023,0.0590000003576278,0.9204999804496764
design_96,original features,Cytoplasm|Nucleus,Nuclear localization signal,Soluble,0.4997999966144562,0.7973999977111816,0.1697999984025955,0.0132999997586011,0.1413999944925308,0.0265999995172023,0.2712999880313873,0.0553999990224838,0.0943000018596649,0.093699999153614,0.0621999986469745,0.0333999991416931,0.0891999974846839,0.925599992275238
design_97,original features,Cytoplasm|Nucleus,Nuclear localization signal,Soluble,0.5841000080108643,0.628600001335144,0.3763000071048736,0.1257999986410141,0.2675000131130218,0.010700000450015,0.2354000061750412,0.0255999993532896,0.065700002014637,0.0168999992311,0.1062999963760376,0.031599998474121,0.3003000020980835,0.8593999743461609
design_98,original features,Nucleus,Nuclear localization signal,Soluble,0.4357999861240387,0.8762000203132629,0.2847999930381775,0.0214000009000301,0.2542000114917755,0.0241999998688697,0.0603000000119209,0.0489999987185001,0.0653000026941299,0.0102000003680586,0.0526000000536441,0.0351999998092651,0.048200000077486,0.9316999912261964
design_99,original features,Nucleus,Nuclear localization signal,Soluble,0.4699999988079071,0.911400020122528,0.0386000014841556,0.0258000008761882,0.1894000023603439,0.0469999983906745,0.1932000070810318,0.0364000014960765,0.0829999968409538,0.098300002515316,0.045899998396635,0.0732999965548515,0.0381999984383583,0.9115999937057496
design_100,original features,Cytoplasm|Nucleus,Nuclear localization signal,Soluble,0.4769000113010406,0.8170999884605408,0.307200014591217,0.0353999994695186,0.2870000004768371,0.0729999989271164,0.1442999988794326,0.0694999992847442,0.0811000019311904,0.0236000008881092,0.1013000011444091,0.0197999998927116,0.0443000011146068,0.926800012588501
