ProteinID,DesignID,Time,Sequence,srpipi,lrpipi,Water,Carbon,ssH,ssE,disL,disS,srELEC,lrELEC,sr_hb,lr_hb,srCATPI,lrCATPI,larkSIM,larkFAR
COX15,0,139.89360904693604,MTNTIVCIRTAPRIQSLHLYPKLTRAREARKQNMSAWRMELQSNL,0.060100096404428455,0.08314080863736649,4.504747400525295,15.633685805475267,0.5245650697433039,0.17408726705534827,0.04899520737591279,0.19215623587049704,-0.07985167488657957,-0.39148925802655044,0.18195835960758278,0.2574881863533598,-0.10230431155388323,-0.2462283064683844,0.11356218451587977,0.3803342699054023
COX15,1,67.7478358745575,FRKWLPLSDAVMEDVQWHRLNVRQMDAVALAAQVNKNHVSLRINA,0.06546780391253335,0.08486313643284166,4.520923628712443,15.726821400143498,0.5338701244265528,0.17078082016177784,0.04601879520887548,0.1944800851907974,-0.07973238429821256,-0.39500775970419744,0.17536925562148103,0.25553587858151555,-0.09565528469926779,-0.24599807576392962,0.1104114979881449,0.384296488500547
COX15,2,74.31731605529785,AAVKAAESRNQLQCRQQRAWVLEFDVSVHCHSQAEHFRDAGLDQI,0.08877493968648408,0.10137105491392494,4.54513309934294,15.54274433252259,0.5286322425034362,0.17418561684593642,0.04614594511960486,0.19516341116291577,-0.08324286645765516,-0.3936821079598198,0.1878761324505888,0.25187521973290855,-0.09537605087719155,-0.24389515479999366,0.1153167343960452,0.3823680415418952
COX15,3,83.78177785873413,IKHEAEHYQHQRNDVMSASNIYVRIVRCALEAPEIQSFLDAQRQK,0.08753828672609676,0.09233612609166832,4.527732210986012,15.809592913975303,0.5397765593678372,0.1692363475624245,0.045967586973691625,0.18786412337414846,-0.08200589258733183,-0.39135097177145917,0.18115348375870696,0.2548250936173331,-0.09623502599160746,-0.2510787261520338,0.11321890131061009,0.38049596899750077
COX15,4,94.17236709594727,HCDANDADQAEVAHWAMRFAVVSARIRRAFCTMEINQEHVRVDNN,0.07903509988072456,0.09749961089066943,4.403492440902551,15.665425355517696,0.5378743703695181,0.17028911647866832,0.0490058518845423,0.18848855888206584,-0.07958880472322044,-0.399448482593637,0.1936475573347314,0.2528544074994779,-0.09907491212643138,-0.24608503187734768,0.11287115887533485,0.38458433098081674
COX15,5,155.76623225212097,PRRHAAAALHQESNMHVRRIQNSEAQRVMKLIFFDADFTQNAHVI,0.0845081962720775,0.10030499618094199,4.55054973037983,15.681711439930876,0.5327259159052314,0.17562801978436202,0.04622466053623126,0.1934282830728454,-0.07826691626535182,-0.3921223517072627,0.19768029187017172,0.2562991700672364,-0.09760232765562497,-0.24759384468057632,0.11059578759170131,0.3827243449299529
COX15,6,80.53947591781616,IQNEIGMMKLRQVYKARLFTLQAESNRVSDAANRNSKMFQLTHVI,0.06497156541173324,0.08361201690055685,4.500009134828342,15.496560910367212,0.5361362148885855,0.17425504586360482,0.048912330937956494,0.18971983501722595,-0.08570750417574931,-0.3919115126746802,0.18141916373586595,0.2526982467537463,-0.10442531817783109,-0.2505562515335043,0.10580258165451341,0.3815865376971674
COX15,7,91.29233884811401,LDRRILSKAQKARMCHRTVQWCGHELSLITPAFQQMRVQSRALHH,0.07083243390151667,0.09440606530546183,4.569151418657169,15.520813487816223,0.5433536266665808,0.1696893927227512,0.049530900227348726,0.18568489892562698,-0.08268771434723526,-0.399323721184355,0.1809364897326411,0.2535979500006587,-0.09739436269112785,-0.24607064043565402,0.11576554433307305,0.3823530716815256
COX15,8,137.64852619171143,YCLKAQMSYRRGQARIDSIALHANTKHWMADICERVTQAMVTNHA,0.06610334226152297,0.094914771408556,4.437146589334424,15.453423983487527,0.5365786275311802,0.17095604500611322,0.04571911718111615,0.19480176785303796,-0.08130178046635822,-0.3893438382969835,0.1891439463878248,0.2547344285136118,-0.09806215702584578,-0.24364063879770512,0.11300577912713744,0.38238878600621024
COX15,9,188.0640251636505,MNQRQIGIYAEIQSAIDSESSEMRRIYPAQEGEYEIHMLQRKAHI,0.08425094807905115,0.09201808577734207,4.5688199411517125,15.616161846203843,0.5178797477920335,0.1696982037702704,0.04990474176508206,0.19432921365619346,-0.08371757252199073,-0.3931915406185587,0.17662541566415776,0.2490987295389496,-0.09507802907278316,-0.24596060127646407,0.11137948831847576,0.3809173203372646
COX15,10,163.14561414718628,ITVQSYANELHAEADSAQHDTMMTKQRIWHVQARRGDFETALMAS,0.07731573414743485,0.10030613358240173,4.583554927432005,15.525991573416398,0.5488876180317857,0.1699060810923004,0.04632745382501754,0.19482214786842886,-0.07782240976541144,-0.3933806923389596,0.20255650603206368,0.2527096923615009,-0.1020343452944409,-0.2482195532154713,0.11199679581959981,0.38218682637141554
COX15,11,126.32571196556091,VRITNHSIHAHLEKVWEDQHWANRKILLAQLSDNDVGAKLRNIQL,0.07307559916898272,0.08922899631716867,4.605033806296316,15.712035409922482,0.5255713512138075,0.17396181997725496,0.04657964071235721,0.19690864289874388,-0.08258708049749837,-0.38856919210208873,0.19918315067402076,0.25489058138394033,-0.10103096717886231,-0.2427704068246565,0.10859880140750029,0.38198435138934783
COX15,12,259.3934509754181,VQNCEYNGRRLTCAITHMAQPEEMTAMVQCLHRKRCWAAAQRIRI,0.07837199439409749,0.09468365189982966,4.406941618267459,15.635029469723186,0.5401430559822079,0.16964397023591776,0.05030287535778945,0.18575074317707793,-0.07879732985869876,-0.39477606628871736,0.1893295434239448,0.25572673336134144,-0.0958520242291748,-0.2423788571021496,0.11052690783489678,0.3808339471664025
COX15,13,123.20013475418091,LQRQERWTMMHLQKARICQRVLRPKQTEKIQAFHCTNVSAIDSQL,0.07368764468058346,0.08550455363936582,4.583236969572871,15.547331173438833,0.5342778300547957,0.17134953962799407,0.0485885680557065,0.19282065437585316,-0.08107580560375897,-0.3934026557792676,0.19140386742423116,0.2553085229498172,-0.08921692170050928,-0.24474900882394224,0.11557156297167158,0.3827356781881868
COX15,14,79.62789297103882,AAIGRTRHVSGRLHVNACEMLEDSTLKAAQEYRAHYCQYQSAHEF,0.08802254236522405,0.10603141114053125,4.434399061184649,15.64377024829905,0.5476375671903394,0.17170860496483664,0.049376740963732145,0.19219527644126497,-0.08005280518698292,-0.39912313486910983,0.19452153840486644,0.2541909107562312,-0.09678417344140884,-0.2470856306043988,0.12136464370601228,0.38629131245380166
COX15,15,128.73818802833557,INAVDVRTNRAAHVKLWASMELGCHNYDEQALHFINKAAHNVARK,0.07248041091310382,0.10446515548425124,4.406694986819651,15.756321041308784,0.5335980125052142,0.17421435112922815,0.04600177699297155,0.18938276442193847,-0.08310636925302509,-0.3930626978815292,0.2030386076533187,0.25586945905854985,-0.09484634425532841,-0.24828268944260654,0.11478066270260613,0.38224591096882743
COX15,16,94.29431891441345,FYYDQEADHVELQARQAQAETRIHPRQTRQVHSAIGMYHKLHIQG,0.09685145670182528,0.1046322622594909,4.654720924106717,15.862708915278837,0.5354830148522935,0.17202048668909167,0.04821091096758421,0.1931562866148637,-0.07909597319571104,-0.39704750109157233,0.18655951322683395,0.253338434116653,-0.0930886088086126,-0.24384246706603876,0.12178908982222746,0.3834496525477631
COX15,17,159.53237009048462,VEYRHQGMKMRRTMESQSLLCHCEIERQAVMNEIILDNDYYSQII,0.07347890131209427,0.08593221281306059,4.466655017918448,15.66540779900952,0.5277155304756519,0.17598290628807192,0.04776737130066213,0.19260143231749843,-0.07882629837671344,-0.3968731804266388,0.19538461255420483,0.25439753611962007,-0.09274309029585515,-0.24510130661479765,0.10718746596375615,0.3817272897523477
COX15,18,77.70295286178589,ILYRQRGEIAIRHQSHNEIQLFMEAADNHTHRAQGLRKLSFNEVI,0.0883772430482078,0.10333910341407142,4.488424968278045,15.75110284445548,0.5137409112532992,0.17370490839365177,0.047705214281659664,0.20119859364158224,-0.08407250068340223,-0.39577664846742183,0.19094755287884813,0.25380177171892615,-0.09731235013802754,-0.24768582320391638,0.10866832680023554,0.38354973766861283
COX15,19,65.60111212730408,TDHSKAICHSTIARSQIRALRGHAQYIIKFHNATEARGNAIAYNM,0.07101695816262525,0.1021503497413987,4.398895492954852,15.581920989353312,0.5223536715449063,0.1746111274568512,0.04575640206091543,0.19188333205680916,-0.08367079970480633,-0.3887285239622267,0.18746602777020574,0.2542112646172146,-0.10217879161424305,-0.24668788256586083,0.115356078787791,0.38228592782956333
COX15,20,93.53304290771484,CQMEQEQARSVNRASIMINKCVEAEVNSYADQPIWEYADQKRHLI,0.07725886507198483,0.08729591028827585,4.627555438966819,15.602642076718505,0.5366541528163591,0.1660229486130532,0.04842124845837799,0.18749691535996815,-0.08378624056762271,-0.39226682977781,0.18028187511182953,0.2567502626399103,-0.09152825148939385,-0.24789759951077503,0.11752530744741202,0.3812350516220065
COX15,21,176.5197880268097,LTIARAFQVTAVKHRANTERHDQIEPMEASTQMYRINHLHEFARL,0.07871356076206273,0.0934822570501612,4.579164214273976,15.881337300351788,0.5484090000910142,0.17176760896924687,0.05034976975510433,0.18395212123024593,-0.07854680317682865,-0.39679094575615015,0.18655773128389627,0.2535475728062285,-0.08838759874088133,-0.24871576063599274,0.11028629414793346,0.3816488249330447
COX15,22,108.95060896873474,ADAANHVMEKEFNSHMYRAKMREDFRTHRVAILTHHAHCNVHAAN,0.08691608249289554,0.10626201977625047,4.436416938227748,15.67693295912354,0.523981392216457,0.17726619899931872,0.04938131783573741,0.19582065157462114,-0.0838926788057163,-0.40022510407830697,0.1933542222200115,0.251414098869777,-0.10108234740972441,-0.23959126919356794,0.10707688453545229,0.3816599488594056
COX15,23,69.38892531394958,INYQTTRLLHERIICLCAQMEGPQILQQDRNICKAAYVTRNKRNI,0.06252058253851427,0.0843741392249988,4.429327627397082,15.6451784756434,0.5187291354851278,0.17809361311969674,0.05097728054627648,0.19344504927496683,-0.08351834466796121,-0.3907025811861588,0.18538903780365906,0.25737316643456304,-0.08979305832756934,-0.24061228683495867,0.11659218519869002,0.38207615277476065
COX15,24,106.61942195892334,GEQTEFLQTARRQVTAQHDVIPVLEFWQPNIRTRQLLARRQQIEM,0.09118510364106658,0.09029885515240413,4.733845616992766,15.892844277324116,0.5121539611173713,0.17104751182172498,0.04762731583423843,0.19404117522358771,-0.08041102002926759,-0.3898871551015109,0.18158968165901293,0.25569599875995075,-0.09587751409329827,-0.25071279328879587,0.11761799740194627,0.38319048287010005
COX15,25,90.29952597618103,CTHQGQRSLIVMAVIEYSYQLDQFTHSRLARKAAIQNLNEDHRKV,0.08328862138572785,0.0941577036655767,4.500359575232661,15.771838019004647,0.5178408798993235,0.1765024843637964,0.050029899812239355,0.19652069740965158,-0.08626060867386932,-0.4000381350720285,0.19326547380309891,0.2526796040869221,-0.09977112991507138,-0.24417811215814997,0.11337557767292958,0.38551190366503924
COX15,26,124.14817810058594,LEQICEIFIYHQRADHNERVLRNRCAAPKLQSFQRCSEEVAQVHW,0.09116218258971087,0.09372700196497857,4.512953721824209,15.938815816328876,0.5275991426171379,0.17323397426070947,0.04913143541773602,0.18798506775416077,-0.0919736885648281,-0.387092727087826,0.18845103316481213,0.24765827274419566,-0.09552618646322358,-0.24579992510726043,0.11113427237170075,0.38401343116616143
COX15,27,93.32998609542847,MTRKRQNLATVFQTEPAHAIDTIANRVDLRAQRAAYPHFLQVEIL,0.06536839777216731,0.09252345874200922,4.632576939807136,15.81225152515106,0.5272208363354273,0.16475599221616496,0.0465393020341645,0.18860310799567834,-0.08494628340913553,-0.3934822268511342,0.17817019895412264,0.2535117566094809,-0.09895099444092585,-0.24671825505838665,0.11622900543197677,0.3792295052009312
COX15,28,139.94527578353882,IAMLEFQINRNMLIRNATQSHYYDEVDVPMAAKERQTLRHELQMI,0.07992055645801835,0.08920618656846216,4.51853932739479,15.85050168707278,0.5255664591736842,0.1729195930366084,0.05037588087494935,0.18760429285351277,-0.0798549911046992,-0.3976511983992902,0.17716887395565478,0.2542783200034746,-0.09715713915777441,-0.2451954612499118,0.11205264461927898,0.3820687450633253
COX15,29,157.92273712158203,YNLMVHQRQHQSQRKQMRELNMCQANDVWDVIFSGEERMHKAMKK,0.08934198158774702,0.0930156032027124,4.515673218300176,15.554061613717908,0.5387621363741305,0.17258641072649156,0.04570266078397908,0.19388589763611597,-0.07926775979538297,-0.3960053053043549,0.1922981860768076,0.2560196032793645,-0.0928872671455705,-0.24511297497554832,0.11152052991540391,0.3842370526134639
COX15,30,44.78120398521423,PCLRAIEQQTANMSNIHRWIALSFQKKIVATRKKVSSDMQNRMHW,0.06115814364061605,0.08220186484733814,4.549500145270725,15.550433600297179,0.5332148599640516,0.17543142726933755,0.048159622994858924,0.1995375089973363,-0.07918570396388006,-0.3888185713780584,0.1998797961174078,0.2547811874660418,-0.09750085646131645,-0.24716894473292267,0.11051575144254892,0.3828580520737762
COX15,31,90.95501804351807,SRQELQQSEINRIKRMQRRMEVCDFQAIFEMNYITGSTETQMEMI,0.07777895152791903,0.08589768374034175,4.539503014904264,15.615999832622624,0.5422743970655116,0.1711222996321725,0.04870270129611936,0.18949051746025744,-0.0811172687753696,-0.4047933216423572,0.1946291132583626,0.25702852379860724,-0.09637943543957284,-0.2484568509680555,0.11428400732245392,0.38267503027040917
COX15,32,123.41461205482483,NTNRIARGQTLSRIKMIEANSQIYARRIPNAIREHQWVLAHVETN,0.0695860603448274,0.08870947190726693,4.521117838744829,15.75736799360654,0.5239996928844208,0.1715733079031522,0.045812619834309676,0.1926945786175093,-0.0841827413651132,-0.3927732903200842,0.17637376461492393,0.25613294089556954,-0.09249904735128218,-0.24729884354148757,0.11234347467827893,0.38267975032876556
COX15,33,73.39434909820557,VRNRITASPSAQLYMQELNQMATKAKRVLHHRTCQGIYMSLHRQF,0.06485627364328388,0.093849852516124,4.430538866801017,15.591468608050075,0.5259108775079079,0.17643606846778828,0.04864267701937765,0.19579713441502736,-0.08221885860522699,-0.39471134023656923,0.17698612219533108,0.25451528128657885,-0.09279552442636467,-0.24714130109059027,0.11237225192889344,0.3830862030666426
COX15,34,143.45389080047607,RARNTLSYHAVTRAEGHFALQRLTQGELNAVARYVKRQHTSIADC,0.07491075468493785,0.10390922287016441,4.563274773296479,15.512601144006492,0.5303964298549825,0.1707769596075469,0.04568103022594113,0.19315580349646136,-0.0859298803196023,-0.3892181142672745,0.18203784094480646,0.25418310892299817,-0.10342676218994779,-0.24855520944630435,0.11883401161192797,0.3822118407904931
COX15,35,104.22093796730042,CNMRIRASARQAVQTNKLIEEVDQPIMYDRNKNLRNASAWVQIAM,0.06045387604254673,0.08495512665242734,4.557044466695605,15.551404723634754,0.5209498389578487,0.17400868285937512,0.04786160860917994,0.1909187412651319,-0.0832521192385591,-0.3996601239951328,0.18643561166385147,0.25573869318900455,-0.09982390440271051,-0.24357021521720723,0.10985842967104137,0.37985393944623147
COX15,36,83.75389289855957,VQESNAHKQKQQLLSFIQPRAIDKVRHCIWLMCNRARVSTSQARR,0.06807159230062579,0.0884826816144058,4.5418244756119375,15.582041198728287,0.5192150099189747,0.1712315809898444,0.04651442634772532,0.19332695997166757,-0.08279131236157723,-0.3960316214302972,0.19141988956189968,0.2533279225532606,-0.08948047117722417,-0.24747854743517755,0.11556316850310289,0.3831894192962781
COX15,37,101.60149097442627,MTLQRGQKCEDIIASIDLHLQVHEYDSDHWAAERNQARAAINFRL,0.08783430136154803,0.09983791431511264,4.655533553595772,15.736064586209949,0.5218762559176603,0.16988699228585563,0.045251212259397246,0.19545802497798753,-0.07869620665170948,-0.39859627315801743,0.1996543361658655,0.25360512155814124,-0.09979054206852411,-0.24641985785986284,0.1132992954247711,0.3829686236868861
COX15,38,80.376629114151,KSIRFSVHNAHCEKVMMPLIEARLQEQCHTQHKLANNRRVSWHRL,0.0733280466785724,0.09749527386704192,4.541947162615748,15.737262065756797,0.5280674248657361,0.17704121166509432,0.04865147768632891,0.19115638648434544,-0.07939457751717485,-0.3848144572943805,0.17601448759183375,0.2566468780946228,-0.08840605334396325,-0.2419507882588509,0.11241721353896739,0.3843588661017961
COX15,39,67.80956792831421,YEHEISNINRNARRALKIGTTFAEKESCQTFKMINRMEFISAQRM,0.07458568535659067,0.08856815631367743,4.588217587042275,15.570249600354108,0.5404735131060969,0.17323591818144068,0.04718881588655237,0.19222428143229556,-0.0851659058983201,-0.3997680709861868,0.20477849063863,0.2511797548917324,-0.09378637701049596,-0.24653797227705543,0.11081817503704208,0.38439973361900404
COX15,40,74.27972602844238,DQLLTWEGYIQAERRQHQKTHLIRQHNVVCKAEADYAESHQSETV,0.0963667747301848,0.09548693680946202,4.684277787464365,15.705685913119146,0.5401662313373945,0.17029789167312415,0.04674249279636295,0.1895878412788652,-0.07805153106259692,-0.3885657096214435,0.1910937287757467,0.25534860311189916,-0.09154818109818783,-0.24572189602734815,0.11793855876212528,0.38075217662794425
COX15,41,172.79994297027588,IQIDEAAGQKLAMKRPVTHATTHIWWMTNAQRLAAEQVMHNRRVI,0.06573639871701419,0.09500174019183728,4.500085079475099,15.599094177627942,0.5153627917838839,0.1739543622178159,0.04677243912591162,0.19429764883458167,-0.08073582029966767,-0.39647960823699874,0.1823327341873472,0.25524129701192305,-0.09265394028807229,-0.24448297016162052,0.11646463842332251,0.3851115301198662
COX15,42,110.88434314727783,IVYNTGTHQQSMKLWEEQAMTEGATCLAKRHRRVHYVDQQAEMDW,0.08414897710986247,0.09912062673488602,4.5798985997609725,15.576258485253344,0.535151682890262,0.17049555471522834,0.04854057801614497,0.19348054285008953,-0.08076009785637585,-0.3921651822532138,0.19746122699928462,0.255800899503204,-0.09889796652004564,-0.2434458190422678,0.11867156253121328,0.3815869529106009
COX15,43,101.41163897514343,VEDNASKSPMVLLSTQVMWEGAARQNRRHKLQAYRNIHSMVRLQV,0.06897613398999375,0.09059985081441002,4.528793741926706,15.57249440672145,0.5262489213042225,0.17386922927802156,0.04798644708644588,0.19051575543848245,-0.08178807437293993,-0.4018264367131516,0.18299223702885392,0.2560729473366546,-0.09254683871737379,-0.24589392088651513,0.10855276004412322,0.3831768021939544
COX15,44,137.9784550666809,LEDIYNYHAPMIRSAVAESNYNEIRLAHTITGRNQALEMQIHAEY,0.07953573043287081,0.09655463108950849,4.4715277597230925,15.85385376347949,0.5287692573893041,0.17206671066357615,0.04599570280861327,0.19238426075935855,-0.08178748789874578,-0.3811892420682446,0.19106350490033394,0.255672432367137,-0.09123567752075268,-0.24576315041242902,0.11265198970958966,0.38129171290295444
COX15,45,95.79011106491089,LDCQECQVNGQAKARLRVLEIHNDDMLIYQQWEGKLAQMSFNRQL,0.08233361042175744,0.0896070928934375,4.452336075772421,15.677235811440115,0.5166232247317338,0.16858241258286724,0.04844684583793191,0.19026617670501764,-0.08087180528770319,-0.3974418791916082,0.17628863077780704,0.25413557843651013,-0.10850682545365908,-0.2492441889666684,0.11284543507631835,0.3792496653084662
COX15,46,51.045167207717896,EEAWHIQIQNSHRISEIAFIAQMEQHIDRVHERRGKNICDIEDYN,0.08702290495384775,0.0961213449979675,4.5244046251319245,15.915468429309719,0.5276889507231521,0.17390730942797233,0.048828505260882615,0.1966829553616565,-0.08032529083945496,-0.4048767715829879,0.18954943080262035,0.2512409600283509,-0.09314358928703913,-0.24801702980985776,0.1137989236524742,0.38253358397163456
COX15,47,102.92450594902039,MTINRTSADFVLNNARRTQKNTMLCWERQLDLVCCAMLKKSICRQ,0.05702234971816193,0.07652242054184177,4.344867569227847,15.615440514641499,0.5426255411634436,0.17317209057752395,0.05031591265249568,0.18959052371510893,-0.08376747876394185,-0.39662726274024585,0.20720254774769073,0.25590656288321145,-0.08904507266412556,-0.2475136668347534,0.11348869982908166,0.38241613723718965
COX15,48,143.96355605125427,IECMYIHANDAEPNAAQLRWIGRAHTRSINLIHRSELHEYMKEQE,0.08710055543148382,0.10107202455259504,4.563797760363445,15.77058220153313,0.5230600136501727,0.1729236278222583,0.04718316343900965,0.1931726509422401,-0.0785190186771942,-0.3858802836728387,0.18922499580283234,0.2557502235757238,-0.09222804345849087,-0.24603013557031195,0.11048150645633786,0.38063272225391304
COX15,49,120.39467310905457,LEIERNAITKANHAEMKSEFYHDQWCGMRAVHSLRMHVLETEHTA,0.086971485945982,0.10134601215763478,4.570114035671463,15.718044751235306,0.5369237674439923,0.17145815404101172,0.049417059187950016,0.19230232663743363,-0.08040844993146774,-0.39978386093355156,0.19395604379644435,0.2542862103364974,-0.10363995911709503,-0.24139496570319613,0.11250726323589508,0.3813494102518582
COX15,50,169.5353491306305,MRQANVSIFRIFHTRSFAVQNEIRTAASAMKIHPACEAAQQDDRK,0.07128502155411985,0.09815703225530101,4.477779310279858,15.676195405206625,0.528873837195102,0.17357230932306214,0.047036833261128404,0.18992706297467513,-0.08259838035789371,-0.3860109687949924,0.19546695869474337,0.25186230424897693,-0.10426257963693432,-0.24861625148576114,0.11243482046179559,0.38177290161448424
COX15,51,210.3384120464325,MEERCMRIQAWMMQWQVQACHDAHEIDVVCSLRSRDASAPQRVQA,0.07444419224808552,0.09678660510446324,4.433409155811767,15.642782359837373,0.5303696958861407,0.17209720571729156,0.047763801997751834,0.18917996186800584,-0.07967057583690279,-0.3939824741048397,0.18403323684981845,0.2552913029993382,-0.09860290310878582,-0.24335729432882375,0.11471920283390853,0.3825056172750842
COX15,52,58.95621395111084,IQHMQWCHRLGIMKVRRETLNHAIAQTDAIESATVQRMWCDGHEL,0.0702408589586026,0.10133090833075835,4.412874123118641,15.594737310332826,0.529830345008171,0.17062239460115422,0.04747848861986167,0.19097301841198433,-0.07866722334716658,-0.39388208424315874,0.18941839367053415,0.25519083323761965,-0.08828416535108258,-0.24475504758467417,0.1143636311956249,0.384216801064035
COX15,53,68.02340888977051,SMLIQMVQQRTMKAFRVQVPCSFERSRHRKANSIEAHRRLTQSML,0.07558171655525645,0.08617918954591397,4.532531029189925,15.536359587657904,0.5364533146829937,0.1728831003971134,0.048322847657302305,0.19232746234534473,-0.08660856191728968,-0.40236257462587754,0.17952747744883046,0.2537339133272537,-0.09894423676934799,-0.2412777571937669,0.11205682761916885,0.38071701606260167
COX15,54,70.09935283660889,VVNTHKRHAIEEYCENRASQTMGAYRSLILGNTIAMEIFRNEMDL,0.0660251360640086,0.09165493924826808,4.326279490808083,15.654601038703644,0.5349298863230745,0.1715026651958242,0.0477358850397666,0.1930883747812865,-0.0798155048782658,-0.3943038933686161,0.19301037598212858,0.253511626724182,-0.09432639342270287,-0.24542767750345706,0.11320079462625919,0.3806947251935739
COX15,55,188.34425282478333,IEMTLATVLSLIKRSQSYEEYQAPQRQAVNHRANGRNRIMVEYAL,0.07749033376815558,0.09004905628695509,4.571867442383451,15.5916856085452,0.5309430894578202,0.17301319138916071,0.04861868892297057,0.19285697283772416,-0.07765642525425563,-0.3912502237136182,0.1839937431860256,0.25338379077306283,-0.09304002409357842,-0.24556878142755492,0.1109359009351346,0.380836502776974
COX15,56,48.153077125549316,CKIRMVNSTDHVEEAHAEYQAKEYMRVNTAYHQKCDLSACNIARG,0.07522782955320856,0.09010086843637612,4.582354116610179,15.59311944277263,0.5348898838687657,0.1747132806688142,0.046741827426822244,0.19643238414888747,-0.08486560586241217,-0.40354897563172,0.20214108454838514,0.25529541055143473,-0.09167351672549945,-0.2441234432186275,0.11678357609572983,0.3832075446511552
COX15,57,76.75851798057556,MNRRRMKMQQCNEFVKLYQRQATQRGILDLTMCNLRPHKQCILVN,0.0672632822451951,0.08380607743412233,4.470812813757974,15.630727558691644,0.514158631216949,0.1747440505670663,0.05014971603271148,0.19889431857308396,-0.08307500413824981,-0.4046705661206529,0.17836635765969638,0.2530358860883423,-0.09383237079561803,-0.24115002572800434,0.11052967509495454,0.3829161139013924
COX15,58,134.0608627796173,EIVRRNGYNNIAHMSTVLDRLCNIIQMHSKAIRCSLMNKFREQDM,0.06107701925309335,0.08560259865935123,4.31003057729704,15.641269075876846,0.5198478926761777,0.1711400944385868,0.04802989288175327,0.18966730604491913,-0.08045835222618183,-0.3938188034818764,0.19849341297713805,0.2581605602386066,-0.0991427039946169,-0.24518100062404263,0.11107335301098163,0.3835230543559451
COX15,59,104.78611302375793,AANLHLNDFHSCHTYRICQEVDRMRARKKMAQHNVNVFIEKASEE,0.08866651609466815,0.09652541040224255,4.524053808843414,15.765448991213653,0.5401388698030206,0.17428492831013517,0.05250621208011231,0.19091234647127922,-0.0881733984735873,-0.3962921565884914,0.1801900022445658,0.25213997693359447,-0.0880079124758004,-0.24670740663906807,0.11250287042400928,0.38401471377881574
COX15,60,48.470534801483154,WKVNMYLQEHAHLHEQEMGGDAAWEFTTIQDKTRRLAANITRNLA,0.07703617745722212,0.09685562989579997,4.617048845888243,15.6142839084403,0.538882157478338,0.16696850903511726,0.04873469823569412,0.19142824307930129,-0.07194988546758384,-0.3893354939973752,0.19180499365615605,0.25038334506828663,-0.09198093296177046,-0.2503843050755349,0.10848628170985695,0.38148756769611347
COX15,61,84.4027910232544,CRQRKQRGYVAHQASEWMRDNAVNEMNVSCLMTLIKHTRECVLHK,0.07860300063366739,0.09379080855656809,4.457966481804956,15.538695893134081,0.5347124371509896,0.17611506713741182,0.04711338760483602,0.19220360877960402,-0.0781817348676413,-0.39066443440139154,0.18734066604613725,0.25847369130355435,-0.09380782568814136,-0.24498896903097422,0.11183697168759064,0.3825935996908463
COX15,62,148.93602299690247,LEFVEAVNQRCLLWECLCSADAQSHIIRRERYILHGQSDTAESNL,0.07661749174906671,0.0935203881912687,4.419796365500179,15.683043102095622,0.5235811095966394,0.17251432422059476,0.04673752124165551,0.1926932445727488,-0.07676127474702917,-0.3895563702867163,0.19824382445984665,0.25586181275783226,-0.089285737831971,-0.24515247873621798,0.11398091804659752,0.381661075597228
COX15,63,91.11691498756409,QSNHTAVRMHIRNMMVYHDTVWQCLAKQMALHRGKQSKLQGQRQA,0.07466825297125466,0.1030806074546802,4.467587663914622,15.47102660962316,0.5244590351081571,0.17105091514194468,0.04773191343663292,0.1933366058348694,-0.08776110161513118,-0.3845686706820681,0.18090790138345952,0.25826117470016435,-0.09407611920729637,-0.24766520391591315,0.11345483731537559,0.38374536886864913
COX15,64,118.89709091186523,GTHATGMTTHRFALAEVRRHCLLTTNFRLSYLRKVHANMVEQQEV,0.064173025195587,0.09837650829130032,4.460750308728693,15.70587199933399,0.5466316883714757,0.17209454032686,0.048492257325361145,0.18940496552602507,-0.0787621380509247,-0.39009972805563975,0.1996490056395403,0.25373015334312105,-0.09829062357091983,-0.24605371849096944,0.11158678753137653,0.3809111219366562
COX15,65,193.38625574111938,IDVMQQRWSAVSTMDKHRIIRPRMRQLNEVAEQYAEVSNCCLHQE,0.06816831672110328,0.08748731928170986,4.455880692524718,15.73899818254033,0.5395586456520686,0.16943276438437777,0.04770411996328059,0.18724345354837393,-0.08344162445868582,-0.39008861086492475,0.19257351470504916,0.2565953467583319,-0.0933129675033651,-0.24322202444625546,0.11162030608572068,0.3819302693291757
COX15,66,162.31458616256714,VQQVRMRKQMIGEQAETPAEHNQPIRRACLMTQREWSIHIQLFRM,0.0808062477263274,0.09146749304161791,4.538754979525204,15.767341585839501,0.5228735184834008,0.1716817818804264,0.049323424199845305,0.18277218611986176,-0.07866276979097765,-0.3890829017625204,0.18261610145939927,0.2529577543042986,-0.09329732391957979,-0.25040121491819817,0.1085750396812122,0.3805965639660469
COX15,67,79.14379477500916,MSINIHDEDICELKMDRRRWNAIAYEVLLAKNHVTNQQANAYEVN,0.07169452056879914,0.08573021820296975,4.47379392817478,15.905615211792691,0.5356176100710599,0.17318411142804477,0.04725875814915851,0.19150991844270118,-0.08611581602050358,-0.3955106371039711,0.20605123164796946,0.2574477856785205,-0.10919044399350518,-0.24247825351271537,0.11085514033441203,0.38256647292387674
COX15,68,99.96911001205444,CQRQCNSLVEQQHMRMMRGHFRSHLRTFETIMAFSCREHAIDVEI,0.0877565332150244,0.10549132867124,4.3904340037821905,15.785014177033585,0.5391788786614594,0.17129908415914896,0.050351115990753675,0.18921659413678035,-0.08039709255540343,-0.3924934024441424,0.19688444957674728,0.25656831654267503,-0.09605534573973418,-0.2442272296159797,0.11027619448525972,0.38326509518232393
COX15,69,65.44416117668152,CNVRIERRVVAAENNHQADKMQSMYCETIVAQLWAPDLEEYEQRK,0.07763731459365154,0.08453213746082863,4.5442724694294725,15.713076587887414,0.542315007922814,0.1705553051090842,0.047184605131674974,0.18811388270199883,-0.07696884889290288,-0.3920497726033479,0.18214275666022126,0.25669967162330265,-0.09374358595058471,-0.24958073998404062,0.11115006766254656,0.38212307126926737
COX15,70,139.08366632461548,SAAHHSQAFHRMIHYNKLNAMKAAHNHDQSVAMFVINRHEVRDDI,0.08748850707150772,0.10924393173846841,4.53769119574171,15.742612239812827,0.5292582495943775,0.1716686135123991,0.04716415446117342,0.19224929861341405,-0.08191264753639589,-0.3871294344757506,0.20167510325230753,0.2558915365488418,-0.09875578490972431,-0.24502460724532293,0.11074036439084889,0.3830768872688434
COX15,71,54.894421100616455,LRMLGVRRRMIKAEELETDIQANFAHQQIYLNHVFSHHDQSRLHT,0.09597372916211029,0.10300838203416238,4.620306961941254,15.830014219965348,0.5403712037326402,0.16805551004646943,0.04919237848450725,0.18774649220934,-0.0778795331099367,-0.4032330400397507,0.1982040475694411,0.2540387467253516,-0.0997744159894946,-0.24879848052135095,0.1081485292466518,0.38300974501772567
COX15,72,102.52675604820251,YQIEHGDKRAKLTYRMSTIVDMLDQEHVNALCNANHAFQRANYLI,0.06817972753211977,0.09264722502870856,4.481178581536856,15.739461960459504,0.5331426853115437,0.17438162234188093,0.046301053581201526,0.1931379351719647,-0.0840807202277906,-0.3892192452010258,0.20555100106082771,0.25768956510061086,-0.09665340381432576,-0.24395019951898347,0.11180714144240707,0.3827543784613846
COX15,73,133.77064895629883,VQQRHSQESIQKASQMQRRIRERRTMNCAQMKIPLVIHYCFSPQY,0.09016197216955621,0.08763679775200721,4.558743111725184,15.69162922350754,0.5246356732832884,0.1738750726604735,0.05083836548498436,0.195727864946835,-0.07979910184016364,-0.38785357069896526,0.18334759315624535,0.25419810914845586,-0.0959674979601254,-0.2466074139644779,0.11490962229013348,0.3806444084091971
COX15,74,84.67422533035278,CCDGIRTKHLVSEVEFQREMGEQQELATTNSLRQSYYLMQHHRVM,0.07720422362747717,0.09163778204140964,4.527630588800521,15.653513984214317,0.525121494849287,0.1735931812449997,0.04949538985356018,0.1912389609628027,-0.08609845150082768,-0.38652037982722987,0.1986053800875928,0.25568408888898575,-0.09571197910050754,-0.2412449729097448,0.11311426836604908,0.3837776033873982
COX15,75,116.33694005012512,IIVREQNIYENLAENKHLALYSHREAEPTLCQRNAKHNVRSVYEV,0.07278419912001625,0.08741036036388325,4.62993015350261,15.798625948930741,0.5304321286412729,0.1735111463618377,0.047536584410561654,0.1921385556054001,-0.08102651052393527,-0.39232395745991844,0.18593365389622038,0.25466080122119905,-0.09426173930829491,-0.24253209448873597,0.11137887758760984,0.38144657542607385
COX15,76,92.24975085258484,CHDDELHAVDEVNNAHERSAKLYNSCGRLIQLILQWGFRASVRHM,0.07152045033226992,0.10063432102695309,4.512081988053574,15.647190533662519,0.5219907511403191,0.1703954245418274,0.04727530887741554,0.19544959073522825,-0.07797842046791707,-0.3912551855599837,0.2001475137256839,0.25345944283658417,-0.09318589461043664,-0.24626226807763932,0.11194430233516789,0.38221026309288586
COX15,77,105.10187816619873,FTKASRVFTIYKSMGHDMTMAHQVMEADHIYNRALQREALHNDAG,0.07290504461446301,0.09663304171136206,4.449106717215162,15.632132790222732,0.5305856592157998,0.1745004853275431,0.04888734575541755,0.1933385088509398,-0.08531550464866323,-0.39410842801694984,0.19437424394117372,0.2567403549528888,-0.10052538509491454,-0.2469532133742171,0.11158550263528458,0.38197127620300436
COX15,78,90.4110279083252,SSQHQVWRLKKMRSSLERQAIRIMSPIMESIIQVNDHNAYNRLKR,0.06724221254454937,0.0845637512510609,4.446411991499943,15.747512801076407,0.5347495018369516,0.17101922418361795,0.046128972674452845,0.18825624357440154,-0.07953758681483349,-0.3941774872839926,0.2004534361353791,0.25649180111077646,-0.09846057958506761,-0.2444330211333906,0.10764013593269033,0.3827571045170163
COX15,79,158.32841897010803,KQQRVTGFQYALQHDLIQLIGECAQRHANRTRLAVDGQMDEYDTF,0.08197641638349489,0.10074035548394901,4.487598424427604,15.635677442966092,0.5232879627327318,0.16960888979888342,0.049523831792282154,0.19067493041617142,-0.07927009141566013,-0.3982277129176216,0.1937768879598207,0.2560768381028879,-0.089652481433063,-0.24336192532838397,0.11882099933889578,0.3843859941482411
COX15,80,131.75750708580017,HQQKAAHCSTHVSAGTWHVMNRQMRMAATVAETEVLKWRAHSKRL,0.06964568497574354,0.09993030034065337,4.516088029773677,15.432688234439269,0.5427951345774071,0.17265880706712844,0.0493189117022871,0.18711268046143295,-0.07971496155313704,-0.39626374933063396,0.1904925926786212,0.25587178628486346,-0.09699045741335088,-0.24764705370455128,0.1213751936564117,0.3824295715561593
COX15,81,78.27521419525146,HQSSAKQRRPALDKMMSSVSRRMVAVELSNQVRWRSQQAAVYLHI,0.0687606249137393,0.08638028700967121,4.5076429171234444,15.446823261410715,0.5404230416063437,0.17048127042811095,0.0469812005792286,0.18454569514697325,-0.08366970767755996,-0.3924239069409067,0.18134093859650838,0.2555113291356077,-0.09827329037882354,-0.2456556473951124,0.10843608200580133,0.3820399934435013
COX15,82,124.91704797744751,DVMRVYRRDAVESINEDARDLELSHACHSLNYKNIAQIHMNNAYE,0.07072136578240999,0.0903814887927309,4.436734877697511,15.88572867141252,0.5291528403095029,0.17238164380689563,0.04555711385059626,0.19584287736600656,-0.08138219018008594,-0.39471836466153326,0.20647123482260393,0.2562931417078867,-0.09622592336038804,-0.24427220097594166,0.10882024237670569,0.38345589087047405
COX15,83,91.79465389251709,QQRSIISGNAPANVRRWTAMQKKRLLCIHQREQRPALLKTINFVM,0.0717484986235709,0.08419975389423336,4.555698960976387,15.604596675239588,0.5255052664284463,0.17556316196952906,0.0520009105888648,0.18923240299391847,-0.08024280460758089,-0.39487785185708324,0.16936364463425352,0.2574885142710591,-0.09582496341548019,-0.2452588959858433,0.11483773446434159,0.3844429731969272
COX15,84,62.16259694099426,VRKMVHANDLEELNYQHMNVKACGHEIDLAAQQEHFRTIQRWTTI,0.08156888025689356,0.09609281815109368,4.629344387543863,15.739238746458742,0.545660326359998,0.1720404166696297,0.04665325600515914,0.18776569422318498,-0.07927696929426026,-0.387351265916285,0.19082227710165578,0.2519663643513438,-0.1039477162994655,-0.24551359819092508,0.11044729808573868,0.38272505227739406
COX15,85,68.05148100852966,MRSEIHMTNHLMQEQTAERSLEAIGYVIWQQPQVGQRKIHRARRI,0.08980735393688884,0.0974613493949571,4.625773396016159,15.653214325539297,0.5306390054720705,0.17330411106903976,0.048805679375166625,0.1919735050213671,-0.08557870856963047,-0.395516420752679,0.17986130052040375,0.25555202280763506,-0.09079858303024863,-0.24744708149588535,0.11523351153491013,0.38152900030341874
COX15,86,66.39515399932861,EQNALDEIMCFWHDLVAPHMTRRRVQNERAQCHLHCRLRIVENGF,0.07008152691518409,0.10055134589691836,4.382297606642837,15.839443458703022,0.5234835391388097,0.17090261764575485,0.04930433097447788,0.1908264822047859,-0.07689234961020999,-0.4006134459675544,0.17566060306266262,0.2559695552791737,-0.08903598118400019,-0.24133799307839265,0.11053952553872133,0.3829572451042614
COX15,87,127.48285293579102,VAEEQEHFHYMNSEISNHYAIEIQKRSRADRIPQMIAANTRIVKV,0.07863703312437496,0.08852205920368983,4.594244835585226,15.737918655223607,0.5370584780564946,0.16776376529677486,0.04814346792051944,0.19168302881896182,-0.08485815600690332,-0.39461915803068115,0.18885518480620656,0.251687209924242,-0.09406194912324436,-0.2456830389957626,0.11095879431791252,0.38083569409500007
COX15,88,113.09966206550598,MYHNLNDYDVEICELRPHQAQAEEKHESERQVQEERSIYNVEYMS,0.09371207317580689,0.09233110738970511,4.754696502350972,15.93309307537355,0.5290722657785768,0.17325356185490123,0.04956509716229608,0.19170085952040408,-0.07818550943841927,-0.38318229194071424,0.19332705050625,0.24871236393407456,-0.09388572204139697,-0.2504803110550115,0.11482181738789973,0.3815459512079979
COX15,89,141.8314332962036,VHEMHQRAYAKQSVGTGNVKMLIQRFHTTEAQSQLMMYEHEADRL,0.07363480777080199,0.09793617782916333,4.562118371382949,15.560478609723777,0.534404050448768,0.17129651851060063,0.047758815188571994,0.19704950465827822,-0.0813356137328822,-0.3874113190907593,0.19957351196250572,0.25278518719313126,-0.10056524130701917,-0.24649643217487457,0.11761268202574666,0.380141190281538
COX15,90,107.30520677566528,MHEYIIDAAVKFHQVENTLAEGDNIHMADHAHIRHAANDFYERQL,0.08595562040003815,0.10848592063054718,4.536121569871574,15.888577883685972,0.5371786661243785,0.16230985672192083,0.045795408224099415,0.18972324371608146,-0.077521452488617,-0.39143779048032573,0.18027497709567503,0.25388949765814106,-0.09793147788877844,-0.2485205764894616,0.11248464809174455,0.3807158110055138
COX15,91,99.06787896156311,VTNLQLRMRIHHEIEKMQIFEIDFAQDEWCDAVTSAAEHRDLNNY,0.07900177623614124,0.09070033205896366,4.56837629297266,15.868051119585598,0.5303240521613112,0.16959055783014115,0.047206563588357314,0.1958151986267218,-0.0770172364322932,-0.3908481956786766,0.2056575807856538,0.2528679711986219,-0.09021793272437403,-0.2501774831079732,0.10988032571113811,0.3822616471464415
COX15,92,90.63444375991821,VHDACWHKRVIDILRIEEQHEAAETQIEYNTKTRHNNCLHLEGYL,0.07989036246268243,0.10124195145802195,4.581945462106462,16.013609006208355,0.5379270129485257,0.1742482961169718,0.05223957471242916,0.19103985049639513,-0.08068255694816749,-0.40174295537793187,0.20254132758748805,0.25443913838844,-0.09425796079532192,-0.2475524860469344,0.11567603908681319,0.3827608001194916
COX15,93,133.18821811676025,QALCGRVHSLAQTKLECEPNIIVSACQSYHNAWEMHRRARAHQRI,0.07399696792077176,0.1018832570476544,4.401415724450461,15.661146434187026,0.5294682047155237,0.17252365250044843,0.04759314397358304,0.197124021909932,-0.0799082647722181,-0.3931254175344877,0.17926390746141543,0.2520568930714701,-0.08946354225681187,-0.2454646465094085,0.1169059560906222,0.3817542395628418
COX15,94,81.38406181335449,LIACRNIAAQSRSSSLHRQLMGRRERMKFMHIIETQIDRVPSLYL,0.06479834161881201,0.08876767904413116,4.448540683456705,15.526047267890283,0.5194859718918918,0.17367286539950622,0.0498394600748255,0.19562389831779564,-0.08381024914590955,-0.40123424250029555,0.17320721605581363,0.2557150534006079,-0.09476029408274887,-0.24141320233167274,0.11050142867738935,0.3826796704026955
COX15,95,84.37920904159546,VSRRQMTHNQWSIAIKNAADHQHARQFVLTIAPRRMITNLKEKVK,0.0707160384294166,0.08992155291260535,4.546937097260012,15.678207756371664,0.5280513119797081,0.1713211380160521,0.04602370729427196,0.19352609538101326,-0.08764261509424225,-0.3858607314127609,0.19105220563832903,0.25514221879155186,-0.09149494761121253,-0.24540510242274124,0.11195319948580498,0.378484704486214
COX15,96,96.5050117969513,VQISRQKIYSANAEEPVMRVRMRRDAIQETQMCAWQIICRNQPES,0.07347067973216402,0.08648823234912839,4.511084211810128,15.625462010579334,0.5268927980051887,0.17689629753871045,0.050350802255579134,0.19017323312132953,-0.07935134581875267,-0.3965962866343545,0.17817881939332628,0.25473023043120185,-0.08855994697287764,-0.2488128091997696,0.11423339292379367,0.3835627681278313
COX15,97,106.96334791183472,VRRLAHYKWTLLHADDPVAGAANEEQRLNRNQVFLHIQSHLVESL,0.08621849360796265,0.09862298814820167,4.576045198435247,15.900340833672946,0.5348857350573719,0.17001655696039503,0.04657160570459213,0.18796457365098254,-0.08192685379162651,-0.38524494847465046,0.18489224804886473,0.2531408887620348,-0.10096731864617728,-0.24777337234568933,0.11346407802645271,0.3822088157948908
COX15,98,128.24012184143066,MRRTLCHEGAQQRSIQARERQQARPTKSMIWACIDLCDNVLWQVI,0.0777817647918308,0.0915001032803464,4.536453146832926,15.523915302296835,0.5211744550755146,0.17236778050855753,0.050054510246738654,0.1950403196668943,-0.07679272259484991,-0.3957350002288672,0.18001267862661846,0.25482127302810903,-0.09020411262236833,-0.24816032234094695,0.11500728340727827,0.3845869222829675
COX15,99,139.0664381980896,RRTAQHTSEMSHAAEAYIKHINQDQVFGRVRVAAKHSRCAEWEQH,0.08142838973170416,0.10603638391618332,4.630328785690754,15.559735641522636,0.5407644791291657,0.16987494921790242,0.046613101678110294,0.1910827598257363,-0.07879974967589284,-0.39769642011531064,0.19209466356537858,0.25259067093438786,-0.09874220841542977,-0.24823571653588491,0.11878187721477146,0.37953033123046437
